2021-02-12T11:00:00,not three good files
2021-02-12T15:00:00,not three good files
2021-02-12T16:00:00,not three good files
2021-02-12T17:00:00,not three good files
2021-02-12T22:00:00,not three good files
2021-02-12T13:20:00,not three good files
2021-02-12T14:45:00,not three good files
2021-02-12T15:20:00,not three good files
2021-02-12T16:20:00,not three good files
2021-02-12T16:45:00,not three good files
2021-02-12T17:20:00,not three good files
2021-02-12T17:25:00,not three good files
