N,o,t, ,e,n,o,u,g,h, ,R,V,s
N,o,t, ,e,n,o,u,g,h, ,R,V,s
N,o,t, ,e,n,o,u,g,h, ,R,V,s
N,o,t, ,e,n,o,u,g,h, ,R,V,s
N,o,t, ,e,n,o,u,g,h, ,R,V,s
N,o,t, ,e,n,o,u,g,h, ,R,V,s
N,o,t, ,e,n,o,u,g,h, ,R,V,s
N,o,t, ,e,n,o,u,g,h, ,R,V,s
N,o,t, ,e,n,o,u,g,h, ,R,V,s
N,o,t, ,e,n,o,u,g,h, ,R,V,s
N,o,t, ,e,n,o,u,g,h, ,R,V,s
N,o,t, ,e,n,o,u,g,h, ,R,V,s
N,o,t, ,e,n,o,u,g,h, ,R,V,s
N,o,t, ,e,n,o,u,g,h, ,R,V,s
N,o,t, ,e,n,o,u,g,h, ,R,V,s
N,o,t, ,e,n,o,u,g,h, ,R,V,s
N,o,t, ,e,n,o,u,g,h, ,R,V,s
N,o,t, ,e,n,o,u,g,h, ,R,V,s
N,o,t, ,e,n,o,u,g,h, ,R,V,s
N,o,t, ,e,n,o,u,g,h, ,R,V,s
N,o,t, ,e,n,o,u,g,h, ,R,V,s
N,o,t, ,e,n,o,u,g,h, ,R,V,s
N,o,t, ,e,n,o,u,g,h, ,R,V,s
N,o,t, ,e,n,o,u,g,h, ,R,V,s
N,o,t, ,e,n,o,u,g,h, ,R,V,s
N,o,t, ,e,n,o,u,g,h, ,R,V,s
N,o,t, ,e,n,o,u,g,h, ,R,V,s
N,o,t, ,e,n,o,u,g,h, ,R,V,s
N,o,t, ,e,n,o,u,g,h, ,R,V,s
N,o,t, ,e,n,o,u,g,h, ,R,V,s
N,o,t, ,e,n,o,u,g,h, ,R,V,s
N,o,t, ,e,n,o,u,g,h, ,R,V,s
N,o,t, ,e,n,o,u,g,h, ,R,V,s
N,o,t, ,e,n,o,u,g,h, ,R,V,s
