2016-09-15T04:00:00,not three good files
2016-09-15T06:00:00,not three good files
2016-09-15T07:00:00,not three good files
2016-09-15T08:00:00,not three good files
2016-09-15T09:00:00,not three good files
2016-09-15T10:00:00,not three good files
2021-02-07T11:30:00,not three good files
2016-09-15T11:00:00,not three good files
2016-09-15T16:00:00,not three good files
2016-09-15T19:00:00,not three good files
2016-09-15T23:00:00,not three good files
2016-09-16T01:00:00,not three good files
2016-09-16T02:00:00,not three good files
2016-09-16T04:00:00,not three good files
2016-09-16T05:00:00,not three good files
2016-09-16T08:00:00,not three good files
2016-09-16T09:00:00,not three good files
2016-09-16T10:00:00,not three good files
2016-09-16T11:00:00,not three good files
2016-09-16T14:00:00,not three good files
2016-09-16T15:00:00,not three good files
2016-09-16T16:00:00,not three good files
2016-09-16T17:00:00,not three good files
2016-09-16T18:00:00,not three good files
2016-09-16T19:00:00,not three good files
2016-09-16T21:00:00,not three good files
2016-09-16T22:00:00,not three good files
2016-09-17T02:00:00,not three good files
2016-09-17T03:00:00,not three good files
2016-09-17T08:00:00,not three good files
2016-09-17T11:00:00,not three good files
2016-09-17T13:00:00,not three good files
2016-09-17T14:00:00,not three good files
2016-09-17T15:00:00,not three good files
2016-09-17T16:00:00,not three good files
2016-09-17T17:00:00,not three good files
2016-09-17T18:00:00,not three good files
2016-09-17T20:00:00,not three good files
2016-09-17T21:00:00,not three good files
2016-09-17T22:00:00,not three good files
2016-09-17T23:00:00,not three good files
2016-09-18T00:00:00,not three good files
2016-09-18T01:00:00,not three good files
2021-02-07T04:16:30,not three good files
2021-02-07T06:45:00,not three good files
2021-02-07T06:45:45,not three good files
2021-02-07T06:46:30,not three good files
2021-02-07T06:47:15,not three good files
2021-02-07T06:48:00,not three good files
2021-02-07T06:48:45,not three good files
2021-02-07T06:49:30,not three good files
2021-02-07T06:50:15,not three good files
2021-02-07T06:51:00,not three good files
2021-02-07T06:51:45,not three good files
2021-02-07T06:52:30,not three good files
2021-02-07T06:53:15,not three good files
2021-02-07T06:54:00,not three good files
2021-02-07T06:54:45,not three good files
2021-02-07T06:55:30,not three good files
2021-02-07T06:56:15,not three good files
2021-02-07T06:57:00,not three good files
2021-02-07T06:57:45,not three good files
2021-02-07T06:58:30,not three good files
2021-02-07T06:59:15,not three good files
2021-02-07T07:00:00,not three good files
2021-02-07T07:00:45,not three good files
2021-02-07T07:01:30,not three good files
2021-02-07T07:02:15,not three good files
2021-02-07T07:03:00,not three good files
2021-02-07T07:03:45,not three good files
2021-02-07T07:04:30,not three good files
2021-02-07T07:05:15,not three good files
2021-02-07T07:06:00,not three good files
2021-02-07T07:06:45,not three good files
2021-02-07T07:07:30,not three good files
2021-02-07T07:08:15,not three good files
2021-02-07T07:09:00,not three good files
2021-02-07T07:09:45,not three good files
2021-02-07T07:10:30,not three good files
2021-02-07T07:11:15,not three good files
2021-02-07T07:12:00,not three good files
2021-02-07T07:12:45,not three good files
2021-02-07T07:13:30,not three good files
2021-02-07T07:14:15,not three good files
2021-02-07T07:15:00,not three good files
2021-02-07T07:15:45,not three good files
2021-02-07T07:16:30,not three good files
2021-02-07T07:17:15,not three good files
2021-02-07T07:18:00,not three good files
2021-02-07T07:18:45,not three good files
2021-02-07T07:19:30,not three good files
2021-02-07T07:20:15,not three good files
2021-02-07T07:21:00,not three good files
2021-02-07T07:21:45,not three good files
2021-02-07T07:22:30,not three good files
2021-02-07T07:23:15,not three good files
2021-02-07T07:24:00,not three good files
2021-02-07T07:24:45,not three good files
2021-02-07T07:25:30,not three good files
2021-02-07T07:26:15,not three good files
2021-02-07T07:27:00,not three good files
2021-02-07T07:27:45,not three good files
2021-02-07T07:28:30,not three good files
2021-02-07T07:29:15,not three good files
2021-02-07T07:30:00,not three good files
2021-02-07T07:30:45,not three good files
2021-02-07T07:31:30,not three good files
2021-02-07T07:32:15,not three good files
2021-02-07T07:33:00,not three good files
2021-02-07T07:33:45,not three good files
2021-02-07T07:34:30,not three good files
2021-02-07T07:35:15,not three good files
2021-02-07T07:36:00,not three good files
2021-02-07T07:36:45,not three good files
2021-02-07T07:37:30,not three good files
2021-02-07T07:38:15,not three good files
2021-02-07T07:39:00,not three good files
2021-02-07T07:39:45,not three good files
2021-02-07T07:40:30,not three good files
2021-02-07T07:41:15,not three good files
2021-02-07T07:42:00,not three good files
2021-02-07T07:42:45,not three good files
2021-02-07T07:43:30,not three good files
2021-02-07T07:44:15,not three good files
2021-02-07T07:45:00,not three good files
2021-02-07T07:45:45,not three good files
2021-02-07T07:46:30,not three good files
2021-02-07T07:47:15,not three good files
2021-02-07T07:48:00,not three good files
2021-02-07T07:48:45,not three good files
2021-02-07T07:49:30,not three good files
2021-02-07T07:50:15,not three good files
2021-02-07T07:51:00,not three good files
2021-02-07T07:51:45,not three good files
2021-02-07T07:52:30,not three good files
2021-02-07T07:53:15,not three good files
2021-02-07T07:54:00,not three good files
2021-02-07T07:54:45,not three good files
2021-02-07T07:55:30,not three good files
2021-02-07T07:56:15,not three good files
2021-02-07T07:57:00,not three good files
2021-02-07T07:57:45,not three good files
2021-02-07T07:58:30,not three good files
2021-02-07T07:59:15,not three good files
2021-02-07T08:00:00,not three good files
2021-02-07T08:00:45,not three good files
2021-02-07T08:01:30,not three good files
2021-02-07T08:02:15,not three good files
2021-02-07T08:03:00,not three good files
2021-02-07T08:03:45,not three good files
2021-02-07T08:04:30,not three good files
2021-02-07T08:05:15,not three good files
2021-02-07T08:06:00,not three good files
2021-02-07T08:06:45,not three good files
2021-02-07T08:07:30,not three good files
2021-02-07T08:08:15,not three good files
2021-02-07T08:09:00,not three good files
2021-02-07T08:09:45,not three good files
2021-02-07T08:10:30,not three good files
2021-02-07T08:14:15,not three good files
2021-02-07T08:15:00,not three good files
2021-02-07T08:23:15,not three good files
2021-02-07T08:24:00,not three good files
2021-02-07T08:32:15,not three good files
2021-02-07T08:33:00,not three good files
2021-02-07T08:41:15,not three good files
2021-02-07T08:42:00,not three good files
2021-02-07T08:59:15,not three good files
2021-02-07T09:00:00,not three good files
2021-02-07T09:17:15,not three good files
2021-02-07T09:18:00,not three good files
2021-02-07T09:44:15,not three good files
2021-02-07T09:45:00,not three good files
2021-02-07T14:39:45,not three good files
2021-02-07T14:49:30,not three good files
2021-02-07T19:53:15,not three good files
2021-02-07T21:17:15,not three good files
2021-02-07T21:18:00,not three good files
2021-02-07T21:18:45,not three good files
2021-02-07T21:41:15,not three good files
2021-02-07T21:51:45,not three good files
2021-02-07T21:52:30,not three good files
2021-02-07T21:53:15,not three good files
2021-02-07T21:54:00,not three good files
2021-02-07T22:17:15,not three good files
2021-02-07T22:18:00,not three good files
2021-02-07T22:18:45,not three good files
2021-02-07T22:19:30,not three good files
